artist_hitomi,artist_danbooru
23,23_(real_xxiii)
agekichi,agekichi_(heart_shape)
alpha,alpha_(yukai_na_nakamatachi)
asa,asa_(coco)
asanoha,asa_no_ha_(awayuki)
char,char_(2v_26)
chikuwa,chikuwa_(tks)
chiri,chiri_(atlanta)
cygnus,cygnus_(cygnus7)
emily,emily_(pure_dream)
fumio,fumio_(ura_fmo)
gurasion,gurasion_(gurasion)
gustav,gustav_(telomere_na)
hakaba,hakaba_(dairiseki)
hijiri,hijiri_(resetter)
inoshishi,inoshishi_(ikatomo)
jam,jam_(nandade)
johnny,johnny_(from_scratch)
kakao,kakao_(chocolate_land)
kana,kana_(kanna_runa0620)
kikurage,kikurage_(plastic_people)
kinta,kinta_(distortion)
mafuyu,mafuyu_(kanden_shoujyo)
mame_denkyuu,mamedenkyuu_(berun)
maru,maru_(marg0613)
miko,miko_(royal_milk)
muku,muku_(muku-coffee)
nobu,non_(nobu)
nylon,nylon_(nylon_100%)
pan,pan_(mimi)
pinta,pinta_(ayashii_bochi)
poco,poco_(asahi_age)
pyz,pyz_(cath_x_tech)
riv,riv_(rivleaf)
ryuuta,ryuuta_(msxtr)
sakana,sakana_(flame_sakana)
sankuro,sankuro_(agoitei)
sayori,sayori_(neko_works)
scottie,scottie_(phantom2)
sen,sen_(astronomy)
senji,senji_(tegone_spike)
shiratama,shiratama_(shiratamaco)
takano_yuki,takano_yuki_(allegro_mistic)
takoyaki,takoyaki_(roast)
tama,tama_(tamatamo)
tsukiyo,tsukiyo_(skymint)
ulrich,ulrich_(tagaragakuin)
urabi,urabi_(tomatohouse)
uro,uro_(urotanc)
xe,xe_(execut3r)
yano_mitsuki,yano_mitsuki_(nanairo)
yukie,yukie_(peach_candy)
yukiusagi,yukiusagi_(gaballscreen&blaze)
yuugo,yuugo_(atmosphere)
teeta.j,teeta_j
sansyoku_amido.,sanshoku_amido
akatsuki_hiziri,akatsuki_hijiri
itou_noizi,ito_noizi
hiiragi_ringo,hiragi_ringo
k-ko,courreges_ace
sinohara_sinome,shinohara_shinome
shona_mitsuishi,shouna_mitsuishi
mitsumomo_mam,mitsumomo_mamu
mayachi,mayachi_(amuriya)
yuunagi_sesina,yuunagi_seshina
ashisyun,ashishun
ichiri,sazaki_ichiri
haduki_gyokuto,hazuki_gyokuto
kiriha,sushimekabu
furukawa_remon,furukawa_lemon
konomi,kino_(kino_konomi)
miyama_zero,miyama-zero
ko-cha,ko~cha
souryuu,souryuu_(double_dragon)
tozakura_nagomi,nagomi_tozakura
makoto,mizuki_makoto
itou_life,itolife
shuzshuz,shuz_(dodidu)
takato_suzunosuke,takatou_suzunosuke
sorai_shinya,sorai_shin'ya
arumajiki,aruma_jiki
nijihashi_sola,nijihashi_sora
narumi_yuu,narumi_yuu_(bunbukudou)
alde_hyde,aldehyde
miwa_futaba,futaba_miwa
cocoa,cocoa_(cafe-hotcocoa)
sakura_romako,sakurajima_saromako
mango_pudding,tanabe
oryou,oryo_(oryo04)
purin_purin,purinpurin
fusataka_sikibu,fusataka_shikibu
hadumi_rio,hazumi_rio
tukinon,tsukinon
tsukigami_luna,tsukigami_runa
rakko,rakko_(makarakko)
eitarou,eitarou_(kaminari_neko)
akiduki_tsukasa,akizuki_tsukasa
takashina_at_masato,takashina_masato
maruchang,maruchan.
ito_ryusei,itou_ryuusei
syokuyou-mogura,shokuyou_mogura
ibu_moina,evemoina
takasaki_maco,takasaki_mako
anapon,anapom
moriyama_sijimin,moriyama_shijimi
shuto_haruka,shuutou_haruka
ozawa_you,ozawa_yuu
haruruyuco,yuko_(haruruyuco)
makita_masaki,makita_maki
naenae,nae-nae
simon,simon_(n.s_craft)
yuuki_yu,yuuki_yuu
moeki_yuta,moeki_yuuta
hontani_kanae,moribe_(rabumanyo)
aya_tsudura,ayatudura
ichiyo_moka,ichiyou_moka
hayakawa_halui,hayakawa_harui
nanaca_mai,nanaka_mai
kiduki_erika,kizuki_erika
tsukako,akina_tsukako
rozea,rozea_(graphmelt)
noritama,noritama_(gozen)
amanoyuu,amano_yuu
unasaka,unasaka_ryou
any,any_(trueblue)
shio_kazunoko,siokazunoko
ichikura_robo,ichikura_(bk)
hinata_momoko,hinata_momo
lunalia,luna_lia
artist_hitomi,artist_danbooru
clear,kuria_(clear_trip_second)
primil,nimura_yuuji
kisaragi_yuu,kisaragi_yuu_(kisaragiyu)
tateha,tateha_(marvelous_grace)
ohba_kagerou,ooba_kagerou
siera,siera_(sieracitrus)
ayami_shiro,ayamisiro
mtu,mtu_(orewamuzituda)
kagome,kagome_(traumatize)
sca-ji,scaji
pero,honda_tamanosuke
yuzuka,yuzu_modoki
nui,nui_(rain-dog)
niki,shibainu_niki
konata,mogami_noa
ozora_ituki,oozora_itsuki
marui,marui_(koedame)
non,ousaka_nozomi
noba,noba_(veronicanoha)